seed_ticker_raw,seed_ticker,seed_name,franchise_locations,total_locations,market_cap_2018_screen,ebitda_to_net_sales_lf,roic_lf,fcf_t12m,roic_wacc_ratio,avg_daily_price_6m,audit_status,current_ticker,successor_tickers,price_history_treatment,notes
MCD US Equity,MCD,MCDONALD'S CORP,34108,37241,125324099584,46.5712890625,22.8369636535645,3697500064,2.9760000705719003,166.5514727452,pending_provider_check,MCD,,use_adjusted_price_series_pending_provider_check,"Needs provider lookup for current listing, corporate actions, and adjusted price continuity."
MAR US Equity,MAR,MARRIOTT INTERNATIONAL -CL A,,,50473717760,10.9276599884033,9.9976921081543,2196000000,0.695999979972839,126.389457702637,pending_provider_check,MAR,,use_adjusted_price_series_pending_provider_check,"Needs provider lookup for current listing, corporate actions, and adjusted price continuity."
QSR US Equity,QSR,RESTAURANT BRANDS INTERN,24278,24407,27097573376,44.7415313720703,10.2771558761597,1345300032,0.282999992370605,62.7129457458969,pending_provider_check,QSR,,use_adjusted_price_series_pending_provider_check,"Needs provider lookup for current listing, corporate actions, and adjusted price continuity."
YUM US Equity,YUM,YUM! BRANDS INC,43603,45084,27059914752,80.7228927612305,53.2078857421875,712000000,8.51099967956543,79.4820930421814,pending_provider_check,YUM,,use_adjusted_price_series_pending_provider_check,"Needs provider lookup for current listing, corporate actions, and adjusted price continuity."
HLT US Equity,HLT,HILTON WORLDWIDE HOLDINGS IN,,,25539182592,19.1311988830566,12.9689178466797,866000000,1.13999998569489,76.1131013382313,pending_provider_check,HLT,,use_adjusted_price_series_pending_provider_check,"Needs provider lookup for current listing, corporate actions, and adjusted price continuity."
AMP US Equity,AMP,AMERIPRISE FINANCIAL INC,,,22892204032,27.4732208251953,13.4301271438599,1539000000,1.25,159.804806258327,pending_provider_check,AMP,,use_adjusted_price_series_pending_provider_check,"Needs provider lookup for current listing, corporate actions, and adjusted price continuity."
IHG US Equity,IHG,INTERCONTINENTAL HOTELS-ADR,,,12309464064,48.5436897277832,54.1530456542969,604000000,2.82399988174438,59.0386046180429,pending_provider_check,IHG,,use_adjusted_price_series_pending_provider_check,"Needs provider lookup for current listing, corporate actions, and adjusted price continuity."
WYN US Equity,WYN,WYNDHAM WORLDWIDE CORP,,,11545984000,10.5136442184448,17.4286613464355,827000000,1.09300005435944,111.905271308367,spin_successor,TNL,WH; TNL,spin_off_chain_review,Wyndham Worldwide spun off Wyndham Hotels and later became Travel + Leisure Co.; include both successor economics for historical reconstruction.
ROL US Equity,ROL,ROLLINS INC,,,10969412608,19.9005107879639,27.1823501586914,210690000,2.22099995613098,46.6086821445199,pending_provider_check,ROL,,use_adjusted_price_series_pending_provider_check,"Needs provider lookup for current listing, corporate actions, and adjusted price continuity."
DPZ US Equity,DPZ,DOMINO'S PIZZA INC,14464,14856,9567687680,21.2634983062744,101.681137084961,249025000,10.5500001907349,195.543062077012,pending_provider_check,DPZ,,use_adjusted_price_series_pending_provider_check,"Needs provider lookup for current listing, corporate actions, and adjusted price continuity."
H US Equity,H,HYATT HOTELS CORP - CL A,,,9173613568,15.5405406951904,3.30116009712219,322000000,0.5099999904632571,70.3032556873883,pending_provider_check,H,,use_adjusted_price_series_pending_provider_check,"Needs provider lookup for current listing, corporate actions, and adjusted price continuity."
SNA US Equity,SNA,SNAP-ON INC,,,9031124992,22.370792388916,15.7576951980591,526400000,1.42499995231628,162.732790451641,pending_provider_check,SNA,,use_adjusted_price_series_pending_provider_check,"Needs provider lookup for current listing, corporate actions, and adjusted price continuity."
SERV US Equity,SERV,SERVICEMASTER GLOBAL HOLDING,,,6940844032,18.1681671142578,16.1391658782959,338000000,2.07699990272522,49.5359612102656,acquired_public,,RTO.L; RTO,ticker_change_then_acquisition_review,"ServiceMaster became Terminix, which was acquired by Rentokil Initial in 2022."
HRB US Equity,HRB,H&R BLOCK INC,,,5295715840,-121.55778503418,32.3029136657715,526346016,4.56599998474121,26.1473643428596,pending_provider_check,HRB,,use_adjusted_price_series_pending_provider_check,"Needs provider lookup for current listing, corporate actions, and adjusted price continuity."
DNKN US Equity,DNKN,DUNKIN' BRANDS GROUP INC,20520,20520,4926428672,57.4309120178223,14.3819103240967,262302008,-0.0120000001043081,59.1080620935721,acquired_private,,Inspire Brands,cash_acquisition_stop_series,Dunkin' Brands was acquired by Inspire Brands in 2020.
VVV US Equity,VVV,VALVOLINE INC,697,1139,4583506432,18.1651382446289,24.5676307678223,-271000000,2.04299998283386,23.9541473832241,pending_provider_check,VVV,,use_adjusted_price_series_pending_provider_check,"Needs provider lookup for current listing, corporate actions, and adjusted price continuity."
CHH US Equity,CHH,CHOICE HOTELS INTL INC,,,4479400960,25.1722640991211,26.8852424621582,233937000,3.29200005531311,73.7198448181152,pending_provider_check,CHH,,use_adjusted_price_series_pending_provider_check,"Needs provider lookup for current listing, corporate actions, and adjusted price continuity."
WTW US Equity,WTW,WEIGHT WATCHERS INTL INC,,,4375150080,19.8556804656982,26.0305614471436,208542000,1.87600004673004,51.4102326326592,ticker_changed,WW,WW,ticker_change_continuation_pending_provider_check,Weight Watchers changed ticker from WTW to WW in 2019.
CHE US Equity,CHE,CHEMED CORP,,,4195945216,15.2912168502808,14.5898866653442,98195000,1.37699997425079,233.093953568806,pending_provider_check,CHE,,use_adjusted_price_series_pending_provider_check,"Needs provider lookup for current listing, corporate actions, and adjusted price continuity."
TXRH US Equity,TXRH,TEXAS ROADHOUSE INC,87,549,3943128576,11.323558807373,15.5130290985107,124745000,1.20700001716614,52.4022479685702,pending_provider_check,TXRH,,use_adjusted_price_series_pending_provider_check,"Needs provider lookup for current listing, corporate actions, and adjusted price continuity."
WEN US Equity,WEN,WENDY'S CO/THE,6297,6634,3818658304,32.5254554748535,8.23937702178955,169930000,1.11899995803833,15.5919379818347,pending_provider_check,WEN,,use_adjusted_price_series_pending_provider_check,"Needs provider lookup for current listing, corporate actions, and adjusted price continuity."
CAR US Equity,CAR,AVIS BUDGET GROUP INC,,,3657422336,31.2035655975342,4.4416241645813,-9087000064,0.680000007152557,40.7537597537965,pending_provider_check,CAR,,use_adjusted_price_series_pending_provider_check,"Needs provider lookup for current listing, corporate actions, and adjusted price continuity."
PLNT US Equity,PLNT,PLANET FITNESS INC - CL A,,,3638129408,37.3474197387695,59.4488258361816,93299000,-3.16799998283386,30.3672093827595,pending_provider_check,PLNT,,use_adjusted_price_series_pending_provider_check,"Needs provider lookup for current listing, corporate actions, and adjusted price continuity."
AAN US Equity,AAN,AARON'S INC,551,1726,3269941504,9.70047283172607,14.7027587890625,131529000,1.09099996089935,40.2328681650088,acquired_private,,IQVentures,cash_acquisition_stop_series,Aaron's was acquired by IQVentures in 2024; do not treat old AAN as a current live ticker.
JACK US Equity,JACK,JACK IN THE BOX INC,1995,2250,2660256512,31.2810096740723,17.7112846374512,91821000,2.01300001144409,97.2943020606226,pending_provider_check,JACK,,use_adjusted_price_series_pending_provider_check,"Needs provider lookup for current listing, corporate actions, and adjusted price continuity."
LQ US Equity,LQ,LA QUINTA HOLDINGS INC,,,2217541632,29.9450569152832,2.28193402290344,6135000,-0.8130000233650211,18.0121706068054,acquired_public,,WH,acquisition_and_spin_review,La Quinta's hotel franchising and management business was acquired by Wyndham; handle separately from WH spin history.
BLMN US Equity,BLMN,BLOOMIN' BRANDS INC,280,1489,2137704704,7.4867467880249,10.6427793502808,148410000,1.57500004768372,19.8106589649999,pending_provider_check,BLMN,,use_adjusted_price_series_pending_provider_check,"Needs provider lookup for current listing, corporate actions, and adjusted price continuity."
PZZA US Equity,PZZA,PAPA JOHN'S INTL INC,4359,5101,1936502016,10.3532695770264,33.2493476867676,83197000,2.83500003814697,63.0699999313946,pending_provider_check,PZZA,,use_adjusted_price_series_pending_provider_check,"Needs provider lookup for current listing, corporate actions, and adjusted price continuity."
EAT US Equity,EAT,BRINKER INTERNATIONAL INC,685,1682,1595731968,12.0176153182983,19.0946655273438,200382000,2.93199992179871,34.7420154837675,pending_provider_check,EAT,,use_adjusted_price_series_pending_provider_check,"Needs provider lookup for current listing, corporate actions, and adjusted price continuity."
HTZ US Equity,HTZ,HERTZ GLOBAL HOLDINGS INC,,,1522617344,24.8684844970703,-1.87701296806335,-8093999872,1.12699997425079,22.0331395319266,bankruptcy_relisted,HTZ,HTZ,bankruptcy_do_not_splice_old_and_new_series,Old Hertz equity went through bankruptcy; current HTZ is not a clean continuation without adjustment.
DIN US Equity,DIN,DINEEQUITY INC,3722,3722,1367481216,28.2352542877197,-19.9313182830811,52363000,-3.62700009346008,49.0651162317557,pending_provider_check,DIN,,use_adjusted_price_series_pending_provider_check,"Needs provider lookup for current listing, corporate actions, and adjusted price continuity."
WING US Equity,WING,WINGSTOP INC,1110,1133,1319066624,36.6731491088867,38.7621154785156,24514000,4.39699983596802,39.207713178886,pending_provider_check,WING,,use_adjusted_price_series_pending_provider_check,"Needs provider lookup for current listing, corporate actions, and adjusted price continuity."
RMAX US Equity,RMAX,RE/MAX HOLDINGS INC-CL A,,,978643648,109.086135864258,13.8412532806396,61090000,3.38499999046326,55.0693796734477,pending_provider_check,RMAX,,use_adjusted_price_series_pending_provider_check,"Needs provider lookup for current listing, corporate actions, and adjusted price continuity."
DENN US Equity,DENN,DENNY'S CORP,1557,1735,966641920,18.5093612670898,26.335506439209,52863000,4.46999979019165,13.4330232457597,pending_provider_check,DENN,,use_adjusted_price_series_pending_provider_check,"Needs provider lookup for current listing, corporate actions, and adjusted price continuity."
SONC US Equity,SONC,SONIC CORP,3360,3588,966066304,30.1760444641113,17.6155872344971,42979000,2.07399988174438,25.5206201242846,acquired_private,,Inspire Brands,cash_acquisition_stop_series,Sonic was acquired by Inspire Brands in 2018.
MTYFF US Equity,MTYFF,MTY FOOD GROUP INC,,,846430080,32.0843315124512,7.921067237854,86677000,,40.9209091423094,pending_provider_check,MTYFF,,use_adjusted_price_series_pending_provider_check,"Needs provider lookup for current listing, corporate actions, and adjusted price continuity."
RUTH US Equity,RUTH,RUTH'S HOSPITALITY GROUP INC,76,153,767880000,15.9641590118408,27.2699718475342,40816000,3.02900004386902,21.5447674684746,acquired_public,,DRI,cash_acquisition_stop_series,Ruth's Hospitality Group was acquired by Darden in 2023.
FLWS US Equity,FLWS,1-800-FLOWERS.COM INC-CL A,,,751855744,17.7046642303467,10.9150638580322,35919000,1.00499999523163,10.3695736448894,pending_provider_check,FLWS,,use_adjusted_price_series_pending_provider_check,"Needs provider lookup for current listing, corporate actions, and adjusted price continuity."
RGS US Equity,RGS,REGIS CORP,3929,8794,751337472,-8.69228363037109,4.09771680831909,-9016000,0.43099999427795405,15.2234108577403,pending_provider_check,RGS,,use_adjusted_price_series_pending_provider_check,"Needs provider lookup for current listing, corporate actions, and adjusted price continuity."
RRGB US Equity,RRGB,RED ROBIN GOURMET BURGERS,86,566,695188032,8.82773017883301,5.33889579772949,73076000,1.09099996089935,56.719379839047,pending_provider_check,RRGB,,use_adjusted_price_series_pending_provider_check,"Needs provider lookup for current listing, corporate actions, and adjusted price continuity."
TACO US Equity,TACO,DEL TACO RESTAURANTS INC,253,558,487333152,13.3582010269165,4.94759082794189,9380000,0.5970000028610231,13.1287209192912,acquired_public,,JACK,cash_acquisition_stop_series,Del Taco was acquired by Jack in the Box in 2022.
WINA US Equity,WINA,WINMARK CORP,1211,1211,486917984,56.5747756958008,67.4670639038086,-4143500,6.74399995803833,132.212790200877,pending_provider_check,WINA,,use_adjusted_price_series_pending_provider_check,"Needs provider lookup for current listing, corporate actions, and adjusted price continuity."
BOJA US Equity,BOJA,BOJANGLES' INC,,,485607040,11.246018409729,9.52040195465088,37116000,1.05299997329712,12.6348837401516,acquired_private,,Durational Capital Management; The Jordan Company,cash_acquisition_stop_series,Bojangles was taken private in 2019.
FRGI US Equity,FRGI,FIESTA RESTAURANT GROUP,38,350,460590880,3.32285308837891,-10.6484298706055,-5046000,-1.10599994659424,18.2620154536048,acquired_private,,Authentic Restaurant Brands,cash_acquisition_stop_series,Fiesta Restaurant Group was taken private by Authentic Restaurant Brands in 2023.
RCII US Equity,RCII,RENT-A-CENTER INC,225,3968,400904800,-5.65345907211304,3.8403489589691198,45073000,0.712000012397766,10.8360464850137,ticker_changed,UPBD,UPBD,ticker_change_continuation_pending_provider_check,Rent-A-Center changed its corporate name to Upbound Group and ticker to UPBD.
LOCO US Equity,LOCO,EL POLLO LOCO HOLDINGS INC,265,473,376865952,-0.9045519828796391,2.96909809112549,21856000,0.537000000476837,10.635852717614,pending_provider_check,LOCO,,use_adjusted_price_series_pending_provider_check,"Needs provider lookup for current listing, corporate actions, and adjusted price continuity."
PBPB US Equity,PBPB,POTBELLY CORP,55,492,322627360,3.5167500972747803,2.08658289909363,84000,0.90200001001358,12.232945723127,pending_provider_check,PBPB,,use_adjusted_price_series_pending_provider_check,"Needs provider lookup for current listing, corporate actions, and adjusted price continuity."
GNC US Equity,GNC,GNC HOLDINGS INC-CL A,5532,8955,293952224,-68.3314895629883,-7.52298879623413,188385000,-4.14799976348877,5.9534496170605795,bankruptcy_acquired_private,,Harbin Pharmaceutical Group,bankruptcy_stop_series,GNC filed for bankruptcy and was later acquired; old equity should not be spliced into any live ticker.
NATH US Equity,NATH,NATHAN'S FAMOUS INC,285,290,272204928,25.7664260864258,30.9902534484863,7819000,4.02400016784668,77.6914725784183,pending_provider_check,NATH,,use_adjusted_price_series_pending_provider_check,"Needs provider lookup for current listing, corporate actions, and adjusted price continuity."
NDLS US Equity,NDLS,NOODLES & CO,66,479,254936768,-1.1382440328598,-62.5048408508301,-25275000,-6.88500022888184,5.11937983461129,pending_provider_check,NDLS,,use_adjusted_price_series_pending_provider_check,"Needs provider lookup for current listing, corporate actions, and adjusted price continuity."
RLH US Equity,RLH,RED LION HOTELS CORP,,,229173280,19.2870025634766,-0.0825849995017052,-2731000,0.11200000345706901,9.23255816910618,acquired_private,,Sonesta,cash_acquisition_stop_series,Red Lion Hotels was acquired by Sonesta in 2021.
JMBA US Equity,JMBA,JAMBA INC,843,909,134370336,-77.8491973876953,,-13851000,13.5240001678467,8.48171165377595,acquired_private,,Focus Brands,cash_acquisition_stop_series,Jamba was acquired by Focus Brands in 2018.
TAX US Equity,TAX,LIBERTY TAX INC,,,101135152,-167.965316772461,8.80779075622559,35269000,1.04900002479553,12.0226744016012,corporate_action_review,,FRG,complex_corporate_action_review,Liberty Tax became part of Franchise Group; later Franchise Group was taken private. Needs detailed corporate-action review.
