Ticker,Name,Retail - Num of Franchise Locations:Q,Retail - Num of Locations (End):Q,Market Cap,EBITDA to Net Sales LF,ROIC LF,FCF T12M,ROIC/WACC Ratio,Avg of Daily Price over 6 Months
MCD US Equity,MCDONALD'S CORP,34108,37241,125324099584,46.5712890625,22.8369636535645,3697500064,2.9760000705719003,166.5514727452
MAR US Equity,MARRIOTT INTERNATIONAL -CL A,,,50473717760,10.9276599884033,9.9976921081543,2196000000,0.695999979972839,126.389457702637
QSR US Equity,RESTAURANT BRANDS INTERN,24278,24407,27097573376,44.7415313720703,10.2771558761597,1345300032,0.282999992370605,62.7129457458969
YUM US Equity,YUM! BRANDS INC,43603,45084,27059914752,80.7228927612305,53.2078857421875,712000000,8.51099967956543,79.4820930421814
HLT US Equity,HILTON WORLDWIDE HOLDINGS IN,,,25539182592,19.1311988830566,12.9689178466797,866000000,1.13999998569489,76.1131013382313
AMP US Equity,AMERIPRISE FINANCIAL INC,,,22892204032,27.4732208251953,13.4301271438599,1539000000,1.25,159.804806258327
IHG US Equity,INTERCONTINENTAL HOTELS-ADR,,,12309464064,48.5436897277832,54.1530456542969,604000000,2.82399988174438,59.0386046180429
WYN US Equity,WYNDHAM WORLDWIDE CORP,,,11545984000,10.5136442184448,17.4286613464355,827000000,1.09300005435944,111.905271308367
ROL US Equity,ROLLINS INC,,,10969412608,19.9005107879639,27.1823501586914,210690000,2.22099995613098,46.6086821445199
DPZ US Equity,DOMINO'S PIZZA INC,14464,14856,9567687680,21.2634983062744,101.681137084961,249025000,10.5500001907349,195.543062077012
H US Equity,HYATT HOTELS CORP - CL A,,,9173613568,15.5405406951904,3.30116009712219,322000000,0.5099999904632571,70.3032556873883
SNA US Equity,SNAP-ON INC,,,9031124992,22.370792388916,15.7576951980591,526400000,1.42499995231628,162.732790451641
SERV US Equity,SERVICEMASTER GLOBAL HOLDING,,,6940844032,18.1681671142578,16.1391658782959,338000000,2.07699990272522,49.5359612102656
HRB US Equity,H&R BLOCK INC,,,5295715840,-121.55778503418,32.3029136657715,526346016,4.56599998474121,26.1473643428596
DNKN US Equity,DUNKIN' BRANDS GROUP INC,20520,20520,4926428672,57.4309120178223,14.3819103240967,262302008,-0.0120000001043081,59.1080620935721
VVV US Equity,VALVOLINE INC,697,1139,4583506432,18.1651382446289,24.5676307678223,-271000000,2.04299998283386,23.9541473832241
CHH US Equity,CHOICE HOTELS INTL INC,,,4479400960,25.1722640991211,26.8852424621582,233937000,3.29200005531311,73.7198448181152
WTW US Equity,WEIGHT WATCHERS INTL INC,,,4375150080,19.8556804656982,26.0305614471436,208542000,1.87600004673004,51.4102326326592
CHE US Equity,CHEMED CORP,,,4195945216,15.2912168502808,14.5898866653442,98195000,1.37699997425079,233.093953568806
TXRH US Equity,TEXAS ROADHOUSE INC,87,549,3943128576,11.323558807373,15.5130290985107,124745000,1.20700001716614,52.4022479685702
WEN US Equity,WENDY'S CO/THE,6297,6634,3818658304,32.5254554748535,8.23937702178955,169930000,1.11899995803833,15.5919379818347
CAR US Equity,AVIS BUDGET GROUP INC,,,3657422336,31.2035655975342,4.4416241645813,-9087000064,0.680000007152557,40.7537597537965
PLNT US Equity,PLANET FITNESS INC - CL A,,,3638129408,37.3474197387695,59.4488258361816,93299000,-3.16799998283386,30.3672093827595
AAN US Equity,AARON'S INC,551,1726,3269941504,9.70047283172607,14.7027587890625,131529000,1.09099996089935,40.2328681650088
JACK US Equity,JACK IN THE BOX INC,1995,2250,2660256512,31.2810096740723,17.7112846374512,91821000,2.01300001144409,97.2943020606226
LQ US Equity,LA QUINTA HOLDINGS INC,,,2217541632,29.9450569152832,2.28193402290344,6135000,-0.8130000233650211,18.0121706068054
BLMN US Equity,BLOOMIN' BRANDS INC,280,1489,2137704704,7.4867467880249,10.6427793502808,148410000,1.57500004768372,19.8106589649999
PZZA US Equity,PAPA JOHN'S INTL INC,4359,5101,1936502016,10.3532695770264,33.2493476867676,83197000,2.83500003814697,63.0699999313946
EAT US Equity,BRINKER INTERNATIONAL INC,685,1682,1595731968,12.0176153182983,19.0946655273438,200382000,2.93199992179871,34.7420154837675
HTZ US Equity,HERTZ GLOBAL HOLDINGS INC,,,1522617344,24.8684844970703,-1.87701296806335,-8093999872,1.12699997425079,22.0331395319266
DIN US Equity,DINEEQUITY INC,3722,3722,1367481216,28.2352542877197,-19.9313182830811,52363000,-3.62700009346008,49.0651162317557
WING US Equity,WINGSTOP INC,1110,1133,1319066624,36.6731491088867,38.7621154785156,24514000,4.39699983596802,39.207713178886
RMAX US Equity,RE/MAX HOLDINGS INC-CL A,,,978643648,109.086135864258,13.8412532806396,61090000,3.38499999046326,55.0693796734477
DENN US Equity,DENNY'S CORP,1557,1735,966641920,18.5093612670898,26.335506439209,52863000,4.46999979019165,13.4330232457597
SONC US Equity,SONIC CORP,3360,3588,966066304,30.1760444641113,17.6155872344971,42979000,2.07399988174438,25.5206201242846
MTYFF US Equity,MTY FOOD GROUP INC,,,846430080,32.0843315124512,7.921067237854,86677000,,40.9209091423094
RUTH US Equity,RUTH'S HOSPITALITY GROUP INC,76,153,767880000,15.9641590118408,27.2699718475342,40816000,3.02900004386902,21.5447674684746
FLWS US Equity,1-800-FLOWERS.COM INC-CL A,,,751855744,17.7046642303467,10.9150638580322,35919000,1.00499999523163,10.3695736448894
RGS US Equity,REGIS CORP,3929,8794,751337472,-8.69228363037109,4.09771680831909,-9016000,0.43099999427795405,15.2234108577403
RRGB US Equity,RED ROBIN GOURMET BURGERS,86,566,695188032,8.82773017883301,5.33889579772949,73076000,1.09099996089935,56.719379839047
TACO US Equity,DEL TACO RESTAURANTS INC,253,558,487333152,13.3582010269165,4.94759082794189,9380000,0.5970000028610231,13.1287209192912
WINA US Equity,WINMARK CORP,1211,1211,486917984,56.5747756958008,67.4670639038086,-4143500,6.74399995803833,132.212790200877
BOJA US Equity,BOJANGLES' INC,,,485607040,11.246018409729,9.52040195465088,37116000,1.05299997329712,12.6348837401516
FRGI US Equity,FIESTA RESTAURANT GROUP,38,350,460590880,3.32285308837891,-10.6484298706055,-5046000,-1.10599994659424,18.2620154536048
RCII US Equity,RENT-A-CENTER INC,225,3968,400904800,-5.65345907211304,3.8403489589691198,45073000,0.712000012397766,10.8360464850137
LOCO US Equity,EL POLLO LOCO HOLDINGS INC,265,473,376865952,-0.9045519828796391,2.96909809112549,21856000,0.537000000476837,10.635852717614
PBPB US Equity,POTBELLY CORP,55,492,322627360,3.5167500972747803,2.08658289909363,84000,0.90200001001358,12.232945723127
GNC US Equity,GNC HOLDINGS INC-CL A,5532,8955,293952224,-68.3314895629883,-7.52298879623413,188385000,-4.14799976348877,5.9534496170605795
NATH US Equity,NATHAN'S FAMOUS INC,285,290,272204928,25.7664260864258,30.9902534484863,7819000,4.02400016784668,77.6914725784183
NDLS US Equity,NOODLES & CO,66,479,254936768,-1.1382440328598,-62.5048408508301,-25275000,-6.88500022888184,5.11937983461129
RLH US Equity,RED LION HOTELS CORP,,,229173280,19.2870025634766,-0.0825849995017052,-2731000,0.11200000345706901,9.23255816910618
JMBA US Equity,JAMBA INC,843,909,134370336,-77.8491973876953,,-13851000,13.5240001678467,8.48171165377595
TAX US Equity,LIBERTY TAX INC,,,101135152,-167.965316772461,8.80779075622559,35269000,1.04900002479553,12.0226744016012
